{
  "project_info": {
    "project_number": "901308005108",
    "firebase_url": "https://flightinventorymanagemen-5e0a2.firebaseio.com",
    "project_id": "flightinventorymanagemen-5e0a2",
    "storage_bucket": "flightinventorymanagemen-5e0a2.appspot.com"
  },
  "client": [
    {
      "client_info": {
        "mobilesdk_app_id": "1:901308005108:android:83cfb420dbfcc58d283ca1",
        "android_client_info": {
          "package_name": "com.example.dell.flightinventorymanagement"
        }
      },
      "oauth_client": [
        {
          "client_id": "901308005108-7vopuct6puuoe51kofsb74a7tdkpam0s.apps.googleusercontent.com",
          "client_type": 1,
          "android_info": {
            "package_name": "com.example.dell.flightinventorymanagement",
            "certificate_hash": "2ba0881d9fde83371be4a1e0fad417c6162f9bef"
          }
        },
        {
          "client_id": "901308005108-33jaaoareb71ifc3sm118pel58d15dj0.apps.googleusercontent.com",
          "client_type": 3
        }
      ],
      "api_key": [
        {
          "current_key": "AIzaSyCuZvc5_AtNzrs2gTI4rQLvDni_uqlZgNc"
        }
      ],
      "services": {
        "appinvite_service": {
          "other_platform_oauth_client": [
            {
              "client_id": "901308005108-33jaaoareb71ifc3sm118pel58d15dj0.apps.googleusercontent.com",
              "client_type": 3
            }
          ]
        }
      }
    }
  ],
  "configuration_version": "1"
}